url,text
https://www.chinadaily.com.cn/a/202605/26/WS6a1512fca310d6866eb4ac1a.html,"As satellites orbit the Earth, artificial intelligence is transcending national borders and profoundly reshaping the landscape of global development and cooperation. Entering 2025, China achieved major progress in the open-source development of artificial intelligence, with its overall strength ranking among the world's top. China is providing solid support for the coordinated development of AI across the globe with an open and inclusive attitude. From the green data centers operating around the clock in the mountains of Gui'an, Guizhou province, to the 5,300-hectare precision agriculture projects in Gaza Province, Mozambique, supported by BeiDou + drone technology, and to the ASEAN AI Multilingual Translation Center building bridges for inter-civilizational exchanges, these scenes of practical cooperation paint a magnificent picture of ""AI+"" empowering the world. In September 2025, China launched the ""AI+"" International Cooperation Initiative. As an international public good and a concrete effort to implement the vision of a community with a shared future for mankind, the initiative focuses on five key areas: people's well-being, scientific and technological progress, industrial application, cultural prosperity, and talent cultivation, and establishes an action framework for coordinated global AI development, which has been well received by the international community. A people-centered initiative The ""AI+"" International Cooperation Initiative places people's well-being at the forefront, enabling AI technologies to benefit people of all countries, especially helping developing nations address development challenges. In healthcare, for instance, AI-assisted diagnosis and treatment systems extend high-quality medical resources to remote areas, improving diagnostic accuracy through imaging recognition. In education, smart learning platforms break geographical barriers, allowing students in developing countries to access high-quality educational resources around the world, bringing the warmth of technology to every corner. A solid AI support Behind the humanistic warmth of technology lies solid scientific and technological support. The initiative uses AI to lead the transformation of innovation paradigms and promote cross-domain research and development collaboration. As one of the leading countries in large model R&D and open-source sharing, China is providing low-cost, inclusive model technical support to the world through open-source sharing. Promoting innovation on model technology and green computing power construction as the dual pillars, China is laying a solid foundation for global AI cooperation. By the end of 2025, China's intelligent computing power reached 1.59 million PFLOPS, with eight planned national computing power hubs under accelerated construction and 306 national green computing facilities built, providing a replicable Chinese model for green computing power development. In basic scientific research, large AI models are empowering cutting-edge fields like bio-manufacturing and quantum technology, helping global researchers share innovative achievements. Empowerment of global development AI's empowerment of global development is also profoundly reshaping global industrial and supply chains. Focusing on industrial applications, the initiative advocates using AI to upgrade industries, foster new business forms, and stabilize global industrial and supply chains. China's paradigm of ""computing power supply + R&D and application"" is generating remarkable results: Eight national computing power hubs have formed an integrated national computing power network, supporting cross-border production collaboration. In smart mining areas in Tajikistan and urban intelligent security systems in Pakistan, China's digital and intelligent solutions are deeply integrated with local needs, proving that multilateral cooperation is an effective path to industrial empowerment. Civilization thriving on AI Promoting cultural prosperity is an important part of China's Global Civilization Initiative, in which process AI is expected to play an essential role in advancing people-to-people connections. Cooperation between China and Malaysia sets a fine example: Chinese tech enterprises, joining hands with local enterprises, have built the ASEAN AI Multilingual Translation Center, which supports two-way translation among 130-plus languages and enables ""30-minute rapid dubbing"" of film and television content. The ""Global South AI Workshop"" launched in 2025 has built a new platform for countries to deepen ""AI+ vocational education"" cooperation. The AI application in digital culture, tourism and cultural relics protection has breathed new life to the cultural heritage in various countries, highlighting the humanistic warmth of ""AI+"". Civilizations thrive through exchanges, and ""AI+"" is becoming a digital bridge for mutual learning among civilizations. Talents that matter Talents are the foundation of development, and talents cultivation is the guarantee for the sustained empowerment of ""AI+"". The initiative emphasizes helping partner countries build independent innovation capabilities through open-source technology and joint training. Following an open and inclusive philosophy, China not only exports technologies but also shares experience. By the end of 2025, China's valid invention patents reached 5.32 million, and its valid AI patents ranked first in the world, accounting for 60 percent of the global total. China shares relevant technologies worldwide through open-source communities and joint R&D, significantly lowering technological barriers for developing countries. In terms of institutional guarantees, the China-initiated resolution on strengthening international cooperation on AI capacity-building was adopted by consensus at the 78th session of the UN General Assembly in 2024. China has hosted several AI capacity-building workshops on AI development, governance and application, earnestly implementing the UNGA resolution. Through local training, joint education programs, etc., China helps partner countries cultivate AI talents, overcoming the last barrier to technology application, and supporting their effort to leapfrog from technology importers to independent innovators. Since the beginning of 2026, China has launched more special AI capacity-building training courses for ASEAN, Central Asia and Arab countries, further deepening regional AI cooperation. Intelligence knows no borders, and win-win cooperation is the way to go. China's ""AI+"" International Cooperation Initiative—a complete framework composed of a conceptual vision, working mechanisms and practical guidance, will serve as a powerful engine driving international cooperation for common development, bringing the dividends of AI to people around the world. The author is an associate research fellow in the China Institute of Fudan University. The views don't necessarily represent those of China Daily. If you have a specific expertise, or would like to share your thought about our stories, then send us your writings at opinion@chinadaily.com.cn, and comment@chinadaily.com.cn.   
            Copyright 1994 - 
            //<![CDATA[ 
            var oTime = new Date();
            document.write(oTime.getFullYear());
            //]]>
            . All rights reserved. The content (including but not limited to text, photo, multimedia information, etc) published in this site belongs to China Daily Information Co (CDIC). Without written authorization from CDIC, such content shall not be republished or used in any form.
          "
https://www.chinadaily.com.cn/a/202601/05/WS695af5a8a310d6866eb31e34.html,"Artificial intelligence is unlike any technology humanity has seen before. Its awe-inspiring power is breathtaking, but it needs a sound global governance system. Other transformative technologies in the past, such as electricity, the steam engine, automobiles and thousands of other inventions, reshaped civilization without the need for international oversight. This is because AI is different. First, it can execute many human tasks in ways never seen before, but it can also be misused to harm society through fraud, fake narratives, cybercrimes and data manipulation. Unless AI is properly regulated, the harm it can do far outweighs the benefits it offers. But if well-governed, AI could take us to the next level of human evolution. This is why the BRICS Leaders' Statement on the Global Governance of Artificial Intelligence, issued in Rio de Janeiro in July, is timely. It rightly emphasized ""the need to achieve safe, ethical, trustworthy, and responsible AI development for the benefit of all"" and called for systems that can detect and prevent malicious use. These principles reflect a growing global consensus that AI must serve humanity, not endanger it. Second, AI governance has to be global in nature because its benefits and potential misuse impact the whole world. Many countries are formulating laws and strategies for AI governance. These efforts are necessary, but not sufficient. Fragmented AI governance leads to duplication, hinders standardization and fails to stop countries trying to maintain their technological hegemony. For example, the United States passed the CHIPS and Science Act of 2022 to block China's plans to develop high-performance AI models. Despite this, Chinese firms are making spectacular advances in AI. The US shows little commitment to the goal of ""AI for All"". This was evident when, along with the United Kingdom, it refused to sign the final Statement on Inclusive and Sustainable Artificial Intelligence for People and the Planet at the Paris AI Action Summit in February 2025. The declaration was signed by over 60 other nations, including China, India and France. The third reason for global governance of AI is more fundamental. AI is racing toward Artificial General Intelligence (AGI), which promises a dramatic integration of man and machine. This integration can already be seen in the emergence of humanoids. As AI gets integrated into our biological systems and AI-to-AI communication proceeds autonomously, humanity will confront some existential questions: Will machines replace humans? What is the meaning of being human? How can humans control machines instead of being controlled by them? No single country can answer these questions. These concerns have prompted some of the world's leading thinkers to urge caution. Geoffrey Hinton, a Nobel laureate in physics and a pioneer in deep learning, warned in 2023 of an ""existential threat"" posed by advanced AI systems and even called for a temporary halt in AI development. But technological progress cannot be stopped. The global community must find practical ways to minimize the risks of AI and maximize its rewards for humanity as a whole. In this context, the words of Zhang Jun, secretary-general of the Boao Forum for Asia and China's former United Nations ambassador, are noteworthy. Speaking at the UN Security Council debate in July 2023, he stressed that AI's impact may exceed human cognitive limits and called for ""people-oriented"" and ""AI for good"" principles to regulate the development of AI and prevent the technology from ""turning into a runaway wild horse"". He said humanity must retain the ability to press the stop button when required. Cautioning about the abuse of AI in conflict situations, he also made a fervent appeal: ""All countries should uphold a responsible defense policy, oppose the use of AI to seek military hegemony or to undermine the sovereignty and territorial integrity of other countries."" India has taken a similar approach in its AI Governance Guidelines issued in November. The country's goal is to encourage innovation and adoption, while protecting individuals and society from any harm caused by AI. The global debate on AI governance must address three critical concerns. First, it must prevent, and reverse, the widening AI divide within and among nations. It is estimated that AI could generate $15.7 trillion in additional value by 2030. If these gains remain concentrated in wealthier nations and their tech giants, the Global South will face deeper inequality, weakened digital sovereignty and new security risks. Second, with AI usage growing rapidly, there is an urgent need for global cooperation in energy conservation. The world cannot afford a new wave of greenhouse gas emissions driven by data centers and computing power. Ways must be found to maximize ""AI per watt of energy"". Third, the question ""What should AI be used for?"" must be at the core of its global governance. Should AI be used for world peace or warfare? Should its priority be fulfilling the UN Sustainable Development Goals or making the wealthy even wealthier? Should AI be used to protect forests, de-pollute oceans and rivers, clean the air in cities, ensure people's food and health security and enhance the quality of education in the world or should it be used to intensify geopolitical rivalries? At the UN headquarters in New York, there is a bronze sculpture with a timeless message: ""Let us beat our swords into plowshares"". Some negative forces in the world, who are clearly in the minority, may want to misuse AI as the newest and most lethal sword invented in human history. But the right-thinking majority must resolve to beat it into the best ever plowshare to grow prosperity and happiness for all. The author served as an aide to India's former prime minister Atal Bihari Vajpayee, and is a votary of India-China friendship and cooperation. The views don't necessarily represent those of China Daily. If you have a specific expertise, or would like to share your thought about our stories, then send us your writings at opinion@chinadaily.com.cn, and comment@chinadaily.com.cn. 
            Copyright 1994 - 
            //<![CDATA[ 
            var oTime = new Date();
            document.write(oTime.getFullYear());
            //]]>
            . All rights reserved. The content (including but not limited to text, photo, multimedia information, etc) published in this site belongs to China Daily Information Co (CDIC). Without written authorization from CDIC, such content shall not be republished or used in any form.
          "
https://www.chinadaily.com.cn/a/202605/22/WS6a100b2fa310d6866eb4a2d3.html,"Humans should maintain independent thinking and make rational use of digital technology, while promoting human-artificial intelligence collaboration to create high-quality Chinese cultural content, experts and industry leaders said. They shared their insights at the Forum on Enhancing the Cultural Strength of the Greater Bay Area in the Age of Digital Intelligence in Shenzhen on Friday, which is one of the sub-forums of the Forum on Building up China's Cultural Strength 2026. AI is far more than a cutting-edge technology, but has evolved into a new cultural form shaping the digital intelligent era, said Xu Yangsheng, president of the Chinese University of Hong Kong, Shenzhen. ""Rather than being merely a technological tool, AI blends new ways of thinking, behavioral norms and value judgments,"" he said. ""It is quietly changing people's mindset, lifestyle, and even social values. It has blurred the line between humans and machines, opened the door for public creativity, and changed how people socialize and connect with one another."" Xu noted that young people stand at the heart of the AI cultural revolution, acting as both main participants and trailblazers of the era of change. ""Youths have led every cultural and technological shift and the AI age is no exception,"" he said. ""Free from rigid old mindsets, young minds adapt faster to AI."" Xu urged the younger generation to master AI tools, maintain independent thinking, stick to moral bottom lines, and embrace the digital era with reason, responsibility, and cultural sensitivity. 
            Copyright 1994 - 
            //<![CDATA[ 
            var oTime = new Date();
            document.write(oTime.getFullYear());
            //]]>
            . All rights reserved. The content (including but not limited to text, photo, multimedia information, etc) published in this site belongs to China Daily Information Co (CDIC). Without written authorization from CDIC, such content shall not be republished or used in any form.
          "
https://global.chinadaily.com.cn/a/202605/06/WS69fab7a0a310d6866eb47147.html,"
          By Minlu Zhang at the United Nations | 
          chinadaily.com.cn |
          Updated: 2026-05-06 11:37
         As artificial intelligence rapidly advances while exposing widening global capability gaps, China on Tuesday called for strengthened international cooperation on AI capacity building at the United Nations. Speaking at a meeting on ""AI Empowering Engineering Capacity Building"" at UN headquarters in New York, China's vice-minister of science and technology, Chen Jiachang, said China is promoting global AI governance within the UN framework and advancing international cooperation through initiatives such as an AI capacity-building resolution adopted by consensus at the UN General Assembly. He said China is pursuing an open-source, innovation-driven approach to artificial intelligence and aims to foster a more inclusive global innovation ecosystem. Chen noted that China has become the leading source of AI patents worldwide, contributing about 60 percent of the total. He added that industry-led open-source AI communities in China have developed more than 170,000 multimodal models and now support over 20 million developers globally. The meeting, convened under the Group of Friends for International Cooperation on AI Capacity Building co-chaired by China and Zambia, focused on practical cooperation to support developing countries in strengthening AI capabilities. China's permanent representative to the United Nations, Fu Cong, who chaired the meeting, said global AI governance must keep pace with technological change and ensure that the benefits of the technology are broadly shared. ""It is essential that all countries, especially those from the Global South, can effectively participate in global governance, and that AI does not become the preserve of rich countries or wealthy elites,"" he said. Over the past two years, the group has held four open meetings and three workshops in China, bringing together nearly 200 representatives from member states. New initiatives are planned in cooperation with the UN Department of Economic and Social Affairs, including regional workshops in Africa and the Asia-Pacific, Fu said. According to a report published last month by the Stanford Institute for Human-Centered Artificial Intelligence, leading AI systems developed in China and the United States have ""effectively closed the performance gap,"" even as access to computing power, data and talent remains highly concentrated and unevenly distributed. Participants of Tuesday's event from developing countries also highlighted concerns that unequal access to infrastructure and expertise could deepen existing divides. Zambia's permanent representative to the United Nations, Chola Milambo, said gaps in computing power, data and financing risk widening disparities between developed and developing economies. ""For Zambia and for many of our partners across Africa and the wider Global South, the question is no longer whether to engage with AI, but how to ensure that our engagement is inclusive, equitable and firmly anchored in our own development priorities,"" Milambo said. ""Capacity building is not a transfer, it is a partnership,"" he said, calling for development approaches aligned with national priorities. Participants said strengthening cooperation on open technologies, talent development and infrastructure will be key to ensuring that AI contributes to inclusive and sustainable development, particularly in the Global South."
https://global.chinadaily.com.cn/a/202605/18/WS6a0a68ffa310d6866eb49208.html,"
          
          XINHUA |
          Updated: 2026-05-18 09:18
         BEIJING — Behind a popcorn machine at AgiBot's data collection center in Shanghai, a humanoid robot packs freshly popped popcorn into paper cups while Chen Xin, a data collector with a virtual reality headset around his neck and a controller in hand, patiently guides its movements. Chen works in an emerging occupation: a data collector for humanoid robots. In simple terms, he is a ""human teacher"" for robots, walking them through real-life scenarios — from wiping tables and sweeping floors to working at supermarket counters and moving goods — until the robots can execute the tasks autonomously. China's rapid advances in artificial intelligence are giving rise to a wide range of AI-related occupations, creating new opportunities for workers with digital skills and practical know-how, while adding new dynamism to the country's innovation-driven development. ""A stable popcorn-packing move may come only after countless rounds of training,"" Chen said.""Teaching a robot feels like teaching a child. It takes patience. The data eventually stored must be high-quality and useful."" The data collected by workers like Chen is uploaded to a platform. There, every subtle movement — from joint angles and force to motion trajectories — is recorded in machine-readable detail that other robots can draw on for similar tasks. Such training is already being carried out on a large scale. In late March, AgiBot saw its 10,000th general-purpose embodied robot roll off the production line. The company said its data collection center has gathered more than 1 million pieces of high-quality data from real-life scenarios, including homes, restaurants, factories, supermarkets and offices. As AI reshapes more workplaces, it is also changing the job market. Over the past five years, more than 20 of the 72 new occupations recognized by the Ministry of Human Resources and Social Security have been related to AI. Each new occupation is expected to generate 300,000 to 500,000 jobs in the short term, according to the ministry. In a different sector, Chen Xiaoyu is also embracing an AI-driven career shift, becoming an AI content creator. For him, the technology is opening up new possibilities for visual storytelling. ""Live-action production often depends heavily on funding, from locations and props to actors,"" Chen said. External constraints, he added, can limit a director's control over the final script and scene choices. Chen recalled filming a scene for ""Gone with the Boat"", during which four members of the art department spent considerable effort trying to move a prop boat, only to make little progress. Today, he said, a creator can simply upload an image and enter a prompt, allowing AI to place the boat into the desired setting almost instantly. ""AI helps creators regain more control, allowing them to focus on storytelling, aesthetics and emotional expression,"" he said. But when AI can generate large amounts of content in a very short time, where does the core competitiveness of human creators lie? Chen has his answer. ""AI can generate images quickly, but meaningful creation still begins with how creators observe and think about the world,"" he said.""Whether an image carries expression and substance comes from the creator's observation, reflection, experience and reading."" The expansion of AI-related jobs is backed by rapid industrial growth. Official data show that the scale of China's core AI industry exceeded 1.2 trillion yuan ($176.6 billion) in 2025, with the number of AI enterprises topping 6,200. An analysis of spring recruitment data provided by human resources departments and employment service agencies in several regions shows that job openings in China's AI industry in the first quarter of 2026 rose by nearly 20 percent year-on-year."
http://global.chinadaily.com.cn/a/202604/15/WS69dee205a310d6866eb436ea.html,"
          By ZOU SHUO | 
          China Daily |
          Updated: 2026-04-15 08:55
         China has unveiled an action plan to build a comprehensive artificial intelligence literacy system spanning all levels of schooling and lifelong learning, as part of broader efforts to integrate AI into the nation's education landscape. The AI + Education Action Plan, jointly issued by five central government departments led by the Ministry of Education, aims to accelerate the popularization of AI education, reshape teaching and learning models, and build a future-oriented education system, according to a news conference held by the ministry on Friday. ""We will build a general AI literacy system for all stages of education and for the whole of society,"" Zhou Dawang, director of the ministry's Department of Science, Technology and Informatization, said, highlighting the plan's core objective of ensuring equal access to AI learning opportunities for all citizens. For primary and secondary schools, the plan calls for integrating AI education into local curricula nationwide, encouraging interdisciplinary AI teaching, and incorporating AI into after-school services and study tours. It also calls for strengthening AI education demonstration schools and supporting rural and remote schools in delivering AI courses through national platforms. In higher education, universities are required to make AI a basic public course and develop subject-specific textbooks. The plan urges universities to design interdisciplinary AI programs, optimize talent cultivation plans for traditional disciplines, and establish new majors aligned with AI-driven industrial upgrades. For vocational education, the plan promotes integrating AI into traditional industry-related programs to train highly skilled talent capable of adapting to industrial transformation. In lifelong learning, the plan pledges high-quality learning resources for all groups, including micro-courses and micro-credentials, to help learners update skills and improve employment prospects. The plan also sets out requirements for educators. A national teacher AI literacy standard will be developed, followed by a tiered, role-based training and assessment system. AI knowledge will be included in teacher qualification exams and certification processes. Jin Li, president of Fudan University, said the institution has introduced more than 100 AI-related courses, from general foundations to specialized subjects, taken by more than 13,000 students. It has also launched 41 ""X + AI"" dual-degree programs, he said. Jin added that Fudan has piloted China's first ""PhD in a specific discipline plus master's in AI"" dual-degree program. The first cohort of 10 doctoral students who chose the dual degree all came from journalism and communications fields, he said. Li Yi, director of the Beijing Municipal Education Commission, said the capital has developed local curriculum guidelines for primary and secondary AI education. ""Every primary and secondary school student in Beijing takes at least eight class hours of AI courses per academic year,"" Li said, adding that an ""AI education lecturer team"" has been formed, bringing experts from universities, research institutes and high-tech companies into schools. By the end of 2025, the adoption rate of AI across different levels of schools in Beijing had reached 87.7 percent, he said. Yao Xiaoying, principal of a primary school in Shenzhen, Guangdong province, said that since 2021, all 1,508 students at her school have had at least one AI lesson per month, achieving full coverage. ""We teach children how to use large language models to solve problems, and more importantly, how to think critically — to question whether AI's answers are correct and verify information from multiple sources,"" she said. ""In an age where intelligence permeates everything, we want children to retain what makes them human: the ability to think, question, create and collaborate with others."" zoushuo@chinadaily.com.cn"
https://global.chinadaily.com.cn/a/202605/27/WS6a16e3eca310d6866eb4b0ba.html,"
          
          China Daily |
          Updated: 2026-05-27 20:30
         Editor's note: China recently launched a pilot program for the review of artificial intelligence ethics and services. Southern Finance spoke to Zeng Tieyong, director of the Center for Mathematical Artificial Intelligence at the Institute for Advanced Study at Beijing Normal-Hong Kong Baptist University, about the future of AI governance. Below are excerpts of the interview. The views don't necessarily represent those of China Daily. The pilot program will initially be launched in provincial-level regions that have national pilot zones for AI industrial innovation and application. The goal is to explore practical approaches for implementing AI ethics review and service mechanisms. The main purpose of AI ethics governance is to establish clear boundaries for the development of the industry, defining which types of technological research and commercial applications are encouraged and which practices are strictly prohibited. On the one hand, this approach will help mitigate the risks associated with AI, including privacy breaches, financial security concerns and unclear algorithmic accountability. On the other hand, by clearly defining baseline rules, the industry can be given sufficient room for innovation, preventing excessive regulation from stifling technological progress. The move indicates that China's AI governance framework is moving beyond broad principle-based guidance toward a more institutionalized, scenario-specific and operational stage. The pilot program suggests that regulation is now penetrating deeper into industrial settings, with the aim of developing governance models that can be replicated and expanded nationwide. The core of promoting AI lies in real-world application scenarios, and vertical application sectors are precisely where AI can be deployed most quickly and effectively. By establishing governance red lines in sectors closely tied to daily life, China can both accelerate the delivery of AI-driven public benefits and gain regulatory experience through practical social applications. The program allows governance models to evolve from specific sectors to the broader industry ecosystem, maximizing the practical value of the AI industry while safeguarding ethical boundaries. The main challenge in the AI industry remains high-end hardware manufacturing. Due to external technological restrictions and supply chain constraints, critical technologies such as lithography machines and high-performance computing chips remain major bottlenecks. At the same time, China has several notable advantages, including its enormous talent pool. Chinese universities produce a large number of doctoral and master's graduates every year, providing abundant technical manpower that can be rapidly transformed into industrial productivity. Another advantage is the country's diversified application scenarios. China's policy environment is generally more supportive of AI commercialization and deployment. Drawing on the development experiences of industries such as photovoltaics and new energy vehicles, AI technologies in China are able to scale and quickly enter the market. While supporting governance mechanisms for AI is crucial, the two decisive factors for catching up remain talent reserves and breakthroughs in core hardware technologies. China already has a strong foundation of practical engineering and technical personnel at the grassroots level, along with a large concentration of high-end specialists trained by top universities. If these resources can be effectively mobilized, they will be sufficient to sustain large-scale industry-wide research and development. What China currently lacks most is a smaller group of world-class pioneers capable of leading frontier innovation. China's rapid rise in the NEV sector offers an important reference point. By bypassing traditional technological barriers, leveraging domestic supply chains and talent advantages, and eventually achieving breakthroughs in hardware self-sufficiency, China's AI industry is widely expected to become globally competitive and potentially take the lead."
https://global.chinadaily.com.cn/a/202604/26/WS69ee2f3aa310d6866eb459b3.html,"
          By ZOU SHUO | 
          chinadaily.com.cn |
          Updated: 2026-04-26 23:28
         More than 60 percent of primary and secondary school students in China have used artificial intelligence, and nearly one in five do so regularly, according to a recently released nationwide survey. The survey, conducted by the China Youth and Children Research Center from June to August last year, covered more than 8,500 students from seven regions in China, including Beijing as well as Guangdong and Henan provinces. Among the respondents, 71 percent said they use AI to complete homework — for example, by searching for information or generating ideas. More than 40 percent use AI for learning about culture and for creative purposes such as drawing, writing poetry or designing posters. Over 35 percent chat with AI or share their feelings with it, while about 32 percent use AI for entertainment. The findings came as Chinese authorities moved to integrate AI into basic education. In 2025, the Ministry of Education issued two guidelines promoting the scientific and regulated use of AI in kindergartens and primary and secondary schools. The guidelines established a tiered approach: Primary school students are not allowed to independently use open-ended generative AI tools for completing assignments; middle school students may explore AI-generated content; and high school students can engage in inquiry-based learning involving AI's technical principles. Earlier this month, the ministry further announced plans to push AI into school curricula, daily teaching and assessment systems. Sun Hongyan, a researcher at the center who led the team conducting the survey, said the rapid penetration of AI among young people — even reaching lower primary grades and rural students — exceeded her expectations. ""Just a few years ago, less than 20 percent of students had used AI,"" she recalled. The survey found that rural students were more likely to use AI for homework completion and even for ghostwriting assignments, but less likely to use it for creative or innovative purposes. ""Rural students lack proper guidance from parents, and the absence of parental company makes them more prone to overusing their phones and becoming dependent on AI,"" Sun said. She also noted that rural teachers have relatively lower AI literacy and less capacity to integrate AI into instruction. If left unaddressed, Sun warned, AI could become an ""amplifier"" of the urban-rural education gap. However, with professional guidance, AI could instead act as a ""booster"" to narrow the gap — by bringing quality educational resources, personalized tutoring and creative inspiration to rural students who otherwise lack access, she said. The survey also found that 20.5 percent of students said they want to rely on AI for thinking rather than using their own minds, a figure that rose to 22.8 percent among rural students. Meanwhile, 46.4 percent said they would rather talk to AI than to real people when feeling upset, and 21 percent reported experiencing anxiety from excessive AI use. Parents and teachers should pay close attention to use of AI by minors and guide them in both time and purpose, Sun said, adding that families and schools need to set age-appropriate rules. Ning Dan, headmaster of Miaoxi Primary School, a rural school in Hengyang, Hunan province, said that most of his students use AI to search for answers to difficult homework problems, to look up things they are curious about, and to chat, make videos and play games. Many of them use their grandparents' phones to access AI tools, as their parents are away working in cities. Ning said he is surprised about the prevalence of AI among his students, and worries about them getting addicted to it, since their parents are not around to supervise them. ""I worry that they will stop thinking for themselves after using AI,"" Ning said. To address this, his school has introduced class meetings to guide students on appropriate AI use, and strengthened communication with parents. In teaching, he encourages students to review and reflect on difficult problems rather than simply copying AI-generated answers. To counter overdependence, Sun of the China Youth and Children Research Center suggested practical strategies such as requiring students to mark AI-assisted steps in their homework and setting up ""AI-free study time"" at home or school. She also called for more real-world interaction — including family activities, group learning and social skills training — to help students find meaning and warmth in human relationships."
https://global.chinadaily.com.cn/a/202604/17/WS69e18c13a310d6866eb43f48.html,"
          By ZHOU WENTING in Shanghai | 
          China Daily |
          Updated: 2026-04-17 09:25
         Around 80 percent of mid — to high-net-worth parents in China are concerned about the impact of artificial intelligence on their children's future employment, but only about a quarter have taken concrete action, according to a survey. According to sociologists, as AI evolves from an auxiliary tool into a core driver of productivity, it is fundamentally reshaping traditional education systems and job markets. The long-held belief that attending a good school and choosing a good major will secure a good job is being challenged. In the AI era, families' anxieties are shifting from education to career planning and life trajectories. However, a gap remains between awareness and action for most families. The report, released in early April by the Fudan International School of Finance, is based on data from 1,900 mid — to high-net-worth families on the Chinese mainland, Hong Kong and Macao. It found that about half of the families have preliminary ideas on how to respond to AI's impact on employment but have not implemented any measures, while more than 20 percent said they do not know how to begin preparing. When asked which jobs AI is most likely to replace, more than three-quarters of respondents pointed to operational and production roles, including factory workers, technicians and drivers. About 73 percent said sales, marketing and customer service jobs are also at high risk. Even in professional fields such as engineering, accounting and legal consulting, nearly 37 percent of parents believe AI will have a significant impact. In response, some parents said they no longer view admission to a top university as the number one goal. Instead, they are placing greater emphasis on developing their children's overall abilities and resilience. Zhuang Yuan, a mother of a 10-year-old in Shanghai, said she believes many repetitive and standardized jobs will be replaced by AI. She therefore focuses on cultivating her child's character and skills such as communication, teamwork and independent problem-solving — areas that are difficult for AI to replicate. For Ni Wenwen, a mother of a 12-year-old girl, the realization that her child needs skills that differentiate humans from machines has prompted changes at home. From the beginning of the current semester, her child has been riding a bicycle to and from school alone, a journey of more than 2 kilometers. ""For my child, going home alone means assessing road conditions, taking responsibility for her own safety and managing her time,"" Ni said. She added that working in the advertising industry has made her more aware of the pressures AI is bringing, prompting her to rethink how to prepare her child for the future. ""Communication skills and the ability to solve real-world problems are not things children can learn through exams. They are developed through experiences like this,"" she said. The Fudan report reflects this shift. About 60 percent of families now prioritize soft skills — including character building, interpersonal communication and problem-solving — compared with 43 percent who prioritize admission to prestigious universities. Meanwhile, about half of the surveyed parents said they focus on building social networks and ensuring stable income support for their children. The definition of success is also evolving. About two-thirds of families now prioritize economic independence and a comfortable lifestyle, while 45 percent value career success and 30 percent emphasize high academic achievement. Families also increasingly value global perspectives and the ability to contribute positively to society. Sociologists and education experts noted that future-oriented education should not produce individuals who function as passive tools in the AI era. Instead, it should cultivate people who can harness technology, create meaning in uncertain environments and retain strong emotional awareness. ""Families should focus on helping children develop the ability to adapt to changes and maintain a stable mindset in an era of profound transformation, where there is no single optimal path,"" said Zhao Zizi, a senior middle school teacher in Shanghai's Xuhui district with nearly three decades of experience. zhouwenting@chinadaily.com.cn"
https://global.chinadaily.com.cn/a/202604/09/WS69d7a25aa310d6866eb42915.html,"
          
          chinadaily.com.cn |
          Updated: 2026-04-09 20:57
         The rapid advancement of artificial intelligence has ushered in opportunities across industries and transformed the way we live, work and interact. However, like previous technological revolutions it is not without its challenges. As AI systems become more integrated into our daily lives, the ethical risks they pose — such as algorithmic discrimination, deep counterfeiting, and autonomous decision-making — have become increasingly apparent. These risks underscore the urgent need for ethical oversight to ensure that AI technologies are developed and deployed responsibly. In response to these challenges, the Chinese government has taken a significant step forward by introducing a trial guideline on the ethics review and service of AI technology. This framework provides clear guidance for the ethical review of AI technologies. It represents a critical advancement in the governance of AI, emphasizing the importance of ethical considerations in the development and deployment of AI systems. The ethical governance of AI is a moral imperative. AI technologies, while powerful tools for innovation, carry the potential to impact human well-being, fairness, transparency and privacy in profound ways. The trial guideline identifies three key areas of focus for ethical review: hybrid systems that influence human behavior, emotions, and health; algorithmic models and systems capable of shaping public opinion and social consciousness; and automated decision-making systems with high autonomy in scenarios involving safety and physical health risks. These areas highlight the critical need for ethical scrutiny to prevent harm and ensure that AI technologies align with societal values. The trial guideline is designed to promote innovation while mitigating risks. It encourages the participation of universities, research institutions and enterprises in the formulation of ethical standards, fostering industry consensus and improving the standard system. Additionally, it promotes the construction of an AI ethics service system, offering support such as risk monitoring, testing and certification. These measures not only enhance the ethical integrity of AI technologies but also reduce compliance costs for businesses, particularly small and medium-sized enterprises. The introduction of the trial guideline is part of a broader effort to strengthen the ethical governance of technology in China. It builds on previous initiatives, such as a trial guideline on technology ethics review issued in September 2023, and aligns with the country's commitment to responsible innovation. By integrating ethical considerations into the development process, the latest trial guideline aims to ensure that AI technologies are developed with a focus on human well-being, fairness and transparency. The document works in tandem with existing laws and regulations, such as the Cybersecurity Law, the Data Security Law and the Personal Information Protection Law, to create a comprehensive governance framework for AI. This integrated approach ensures that ethical oversight is not an afterthought but a foundational aspect of AI development and deployment. As AI continues to evolve and permeate every aspect of our lives, the need for ethical governance becomes increasingly urgent. The trial guideline represents a key step toward ensuring that AI technologies are developed and used in ways that benefit people in tangible ways. By prioritizing ethical oversight, the potential of AI can be harnessed while minimizing its risks, paving the way for a sustainable and ethical digital future. The guideline is also another indication that China is at the forefront of AI governance. It drives home the message that the ethical governance of AI-related technological activities should not come at the expense of development. But rather, development and AI governance should complement and enhance each other. The document emphasizes six key areas for AI ethical review: human well-being; fairness and justice; controllability and trustworthiness; transparency and explainability; accountability and traceability; and privacy protection, which embodies the country’s effort in closing the institutional gap in the ethical review of AI technology. To facilitate implementation, the guideline includes detailed procedures for ethical review of AI technology, optimizing the process by specifying four main aspects: application and acceptance, general and simplified procedures, expert review procedures, and emergency procedures. Ethical oversight of AI is not a constraint on innovation but a necessary safeguard for responsible technological advancement. The trial guideline not only meets the requirement for the ethical governance of AI, it can act as a spur for responsible innovation."
https://www.chinadaily.com.cn/a/202605/07/WS69fbe435a310d6866eb4730a.html,"China called for further strengthening of international cooperation in artificial intelligence capacity building on Tuesday at the United Nations, as rapid advances in AI expose global capability gaps. Speaking at a meeting on ""AI Empowering Engineering Capacity-Building"" at the UN headquarters in New York, Chen Jiachang, China's vice-minister of science and technology, said that China is promoting global AI governance within the UN framework and advancing international cooperation through initiatives such as an AI capacity-building resolution adopted by consensus at the UN General Assembly. He said that China is pursuing an open-source, innovation-driven approach to AI and aims to foster a more inclusive global innovation ecosystem. Chen noted that China has become the leading source of AI patents worldwide, contributing about 60 percent of the total. He added that industry-led open-source AI communities in China have developed more than 170,000 multimodal models and now support over 20 million developers worldwide. The meeting, convened by the Group of Friends for International Cooperation on AI Capacity-Building and cochaired by China and Zambia, focused on practical cooperation to support developing countries in strengthening AI capabilities. Fu Cong, China's permanent representative to the UN and the meeting's chair, said that global AI governance must keep pace with technological change and ensure that the technology's benefits are widely shared. ""It is essential that all countries, especially those from the Global South, can effectively participate in global governance, and that AI does not become the preserve of rich countries or wealthy elites,"" Fu said. Over the past two years, the group has held four open meetings and three workshops in China, bringing together nearly 200 representatives from member states. Fu said that new initiatives are planned in cooperation with the UN Department of Economic and Social Affairs, including regional workshops in Africa and the Asia-Pacific. According to a report published last month by the Stanford Institute for Human-Centered Artificial Intelligence, leading AI systems developed in China and the United States have ""effectively closed the performance gap"", even as access to computing power, data and talent remains highly concentrated and unevenly distributed. Unequal access Participants at Tuesday's event from developing countries also expressed concerns that unequal access to infrastructure and expertise could deepen existing divides. Chola Milambo, Zambia's permanent representative to the UN, said that gaps in computing power, data and financing could widen the disparities between developed and developing economies. ""For Zambia and for many of our partners across Africa and the wider Global South, the question is no longer whether to engage with AI, but how to ensure that our engagement is inclusive, equitable and firmly anchored in our own development priorities,"" said Milambo. He added that capacity building is not a transfer, but a partnership, calling for development approaches that align with national priorities. Participants said that strengthening cooperation on open technologies, talent development and infrastructure will be key to ensuring that AI contributes to inclusive and sustainable development, particularly in the Global South. minluzhang@chinadailyusa.com 
            Copyright 1994 - 
            //<![CDATA[ 
            var oTime = new Date();
            document.write(oTime.getFullYear());
            //]]>
            . All rights reserved. The content (including but not limited to text, photo, multimedia information, etc) published in this site belongs to China Daily Information Co (CDIC). Without written authorization from CDIC, such content shall not be republished or used in any form.
          "
https://www.chinadaily.com.cn/a/202602/02/WS697fdb28a310d6866eb36d44.html,"For Huang Xiaozhen, the future of artificial intelligence isn't about computing power or algorithmic scale, but about something far more ordinary: the quiet click of a light switch. As head of business-to-business operations at MiniMax Group Inc, a rising Chinese AI unicorn, Huang sees the current wave of innovation less as a technological leap than as a transition toward being ubiquitous. ""As the technology iterates, AI will become like water, electricity or coal — the fundamental infrastructure of our existence,"" Huang said. ""It will be everywhere in our lives and work."" The vision widely shared by AI optimists has increasingly aligned with the nation's official policy. In its recommendations for formulating the 15th Five-Year Plan (2026-30) for national economic and social development, the Communist Party of China Central Committee called for ""forward-looking plans"" for future industries, urging exploration of diverse technology road maps, application scenarios, business models and regulatory frameworks. The document explicitly listed quantum technology, biomanufacturing, hydrogen and nuclear fusion energy, brain-computer interfaces, embodied artificial intelligence and 6G mobile communications as new drivers of growth. The confidence of China's AI practitioners received a major boost in April 2025, when President Xi Jinping visited the Shanghai Foundation Model Innovation Center, one of the country's most active AI hubs. Standing among developers and entrepreneurs, Xi, who is also general secretary of the CPC Central Committee, described artificial intelligence as ""a young cause, and a cause for young people"", encouraging them to align personal ambition with China's modernization drive. According to the Ministry of Industry and Information Technology, China had more than 6,000 AI enterprises last year, while the scale of the country's core AI industry was expected to have exceeded 1.2 trillion yuan ($172.6 billion) in 2025. The president's visit, combined with subsequent policy measures, has strengthened confidence among startups facing intense competition, according to executives working inside the ecosystem. Zhang Yun, a deputy general manager at the center, said the visit validated the pace and direction of the hub's development. ""Nearly 75 percent of our workforce is under the age of 35,"" Zhang said. ""We're seeing founders who are barely 30. As AI tools become more powerful, teams are getting smaller, younger and faster."" The center operates on what participants describe as a philosophy of proximity. ""Upstairs and downstairs are upstream and downstream,"" Zhang said, referring to the close physical clustering of foundational model developers and application companies, which allows for rapid iteration and feedback. Yao Zhendi, CEO of Cyber Partner AI Co, said the youthfulness of the sector reflects the nature of the technological challenge itself. ""We're no longer doing 'one to 10'innovation, where you just improve something that already exists,"" Yao said. ""We're doing 'zero to one'. There's no formula and no homework to copy. We're defining what this technology becomes."" He added that national planning documents emphasize not only AI, but the integration of embodied intelligence across industries, with a forward-looking approach to development. Over the next five years, he said, AI is expected to penetrate daily life and a wide range of sectors in line with the 15th Five-Year Plan. His company is working on the convergence of the ""brain"", meaning large-scale models, and the ""body"", referring to embodied intelligence — a frontier where software meets robotics. Paradigm shift The national strategy outlined in the 15th Five-Year Plan proposals calls for a paradigm shift in scientific research and a focus on self-reliance in breakthroughs in chips, algorithms and data. For Wang Le, CEO of Shanghai SiliconPear Technology Co, the transformation is already playing out on factory floors and toy shelves. Wang's company exports to more than 30 countries and uses AI to upgrade traditional manufacturing. ""We're turning toys from simple manufactured goods into high-tech consumer products,"" Wang said.""It's no longer just about branding. It's about embedding technology to upgrade the entire supply chain, which gives Chinese products a distinct global competitive edge."" Xi's visit to the Shanghai Foundation Model Innovation Center came after he presided over a group study session of the Political Bureau of the CPC Central Committee, highlighting the need to promote the healthy and orderly development of AI in a beneficial, safe and fair direction. Huang, from MiniMax, said that companies across the AI value chain are directly feeling the impact of State support. From his perspective, policies aimed at supporting models and application scenarios are accelerating innovation and technical iteration across the industry. ""It's clear that more and more enterprises, scenarios and applications are moving toward AI,"" Huang said. ""Many new startups are designing products and use cases based entirely on current AI capabilities. This looks more like a society-wide embrace of AI, and the growth of the entire industry chain is extremely fast."" Zhou Chen, CEO of Zhejiang Dex-Robot Intelligent Technology, said Xi has explicitly called for accelerating the application of AI in technological innovation and industrial development, a signal that Zhou sees as materially beneficial for enterprises. He pointed to concrete policy measures such as subsidized computing power and pilot programs for new models. China launched a 60 billion yuan AI industry investment fund to support the development of the whole AI industrial chain. ""They allow companies to be bold and try things first,"" Zhou said.""Ultimately, it helps improve human efficiency and reduce defect rates in manufacturing."" Zhou cited incentives including free or subsidized computing resources, early access to models, and funding for major research projects as mechanisms that encourage companies to experiment. He argued that China has structural advantages in pursuing such technologies: a complete industrial supply chain, a wide range of real-world application scenarios that generate data, and growing domestic computing capacity. While much of the focus remains on domestic self-reliance, officials and researchers say China's AI ambitions also have an outward-facing dimension. International public good Yan Weixin, chief scientist at the Shanghai Artificial Intelligence Research Institute, said Xi has called for AI to be developed as an international public good that benefits humanity. Yan said China has launched initiatives related to AI reinforcement learning and sustainable development, and has begun sharing algorithms and models with partner countries, including those participating in the Belt and Road Initiative. These technologies are being applied to areas such as disaster warning systems and low-carbon industrial facilities overseas, he said. Highlighting the link between energy and computation, he said: ""AI consumes energy, and energy defines computing power. In the future, there will be deep integration between new energy and dynamic computing."" Otto Heinrich Herzog, an academician of the German National Academy of Science and Engineering and a professor at Tongji University in Shanghai, said he has been struck by the speed with which policies translate into implementation in China. ""When something aligns with strategy in China, it really gets implemented,"" Herzog said. ""That's something you don't experience in the same way in Europe."" Zhou Wenting and Wang Ying in Shanghai contributed to this story. xuwei@chinadaily.com.cn 
            Copyright 1994 - 
            //<![CDATA[ 
            var oTime = new Date();
            document.write(oTime.getFullYear());
            //]]>
            . All rights reserved. The content (including but not limited to text, photo, multimedia information, etc) published in this site belongs to China Daily Information Co (CDIC). Without written authorization from CDIC, such content shall not be republished or used in any form.
          "
https://global.chinadaily.com.cn/a/202601/03/WS695859efa310d6866eb31a21.html,"
          By Li Jing | 
          China Daily |
          Updated: 2026-01-03 07:51
         For decades, the corporate world fostered a persistent stereotype: technology is a male-dominated domain, and women are slower to adopt the tools of the future. That assumption is now being challenged by data from China's rapidly digitizing workplace. As generative artificial intelligence spreads through offices and factories alike, it is female professionals — not the traditional technological elite — who are showing higher adoption rates and steadier psychological responses, according to new research from Beijing-based Cheung Kong Graduate School of Business. The findings come from a report by Zhang Xiaomeng, an associate professor of organizational behavior at CKGSB. Based on a survey of nearly 11,814 respondents across diverse industries, the study shows that female professionals are not only adopting AI faster than their male counterparts, but also reporting lower levels of anxiety as they do so. Rather than widening gender gaps, the AI transition appears to be elevating capabilities such as adaptability, empathy and communication — areas where women, on average, are demonstrating relative strengths, the report found. The broader context is a surge in AI adoption nationwide. According to the China Internet Network Information Center, the number of generative AI users in the country reached 515 million as of June, representing a penetration rate of 36.5 percent. Within this wave of digitalization, the CKGSB study found that women — particularly those with higher levels of education and workplace experience — are utilizing these tools more frequently than men. The data also reveal a nuanced emotional divide. While concern about automation is widespread — 85 percent of respondents expressed fears of job replacement — male respondents reported slightly higher anxiety levels. About 73.5 percent of men said they were worried about AI's impact on their work, compared with 70.8 percent of women. Specifically, older male executives showed the highest levels of anxiety regarding the speed of change. ""The bigger risk is not job loss, but a sense of value erosion,"" Zhang said. Her research points to what she described as a ""usage paradox"": while fear is widespread, frequent use of AI tools significantly reduces anxiety. Because women tend to use the tools more readily, they are effectively protecting themselves from the psychological strain of the transition, she said. Zhang describes this pattern as the emergence of ""resilience squared"" — a combination of emotional resilience and cognitive resilience. One allows individuals to withstand pressure and the other helps them navigate uncertainty. Together, she said, they form a leadership profile well suited to periods of disruption. These findings are echoed in multinational companies, where human-centered skills are becoming commercially decisive. Poh-Yian Koh, president of FedEx China, argued that women's flexibility and resilience are becoming core business strengths. ""Women not only possess exceptional empathy and long-term strategic vision, but are also especially skilled at building bridges, serving as indispensable 'interpreters' who connect technology with humanity,"" Koh said. Speaking at the Women in Leadership Forum hosted by CKGSB in December, Koh shared the journey of her company's digital boot camp, an initiative designed to upskill couriers and customer service staff. The transition was far from smooth. Koh recalls a veteran employee telling her bluntly: ""Boss, I'd rather drive a truck for 100 kilometers than sit in front of a screen for 10 minutes."" Instead of relying solely on performance metrics to filter out resistance, the company focused on patience and emotional support alongside technical training, Koh said, likening the process to nurturing growth rather than enforcing compliance. The payoff came during a critical period in February, when shifts in international trade policies and US tariff adjustments created a sudden need for complex declaration requirements. IT teams needed time to build new tools, but customers couldn't wait. ""It was those very frontline employees from the boot camp who stepped in,"" Koh said. Combining their new low-code skills with their deep understanding of business pain points, they built a functional application themselves to handle the volume. ""The tool wasn't perfect, but it solved the urgent need,"" Koh said with pride. ""In that moment, the operators became the developers, and cogs in the machine became game-changers."" Koh emphasized that while male engineers often focus on the precision of an algorithm, female leaders tend to ask a different set of questions, such as ""Will the user feel anxious?"" ""Technology can be replicated. Empathy cannot,"" Koh emphasized. ""In the age of intelligence, trust is the scarcest resource."" The rise of women's participation in technology is not happening in a vacuum. It is being propelled by national policies aimed at mobilizing what is often called ""She Power"" in science and technology. Official data show that women now account for approximately 45.8 percent of the nation's scientific and technological workforce. Since 2021, the All-China Women's Federation, together with multiple ministries, have promoted the Women's Action for Scientific and Technological Innovation, aimed at mobilizing female talent to support technological self-reliance. Such efforts align with the country's push to develop new quality productive forces, ensuring that half the workforce is not left behind in digital transformation. Wang Chuqiao, charge d'affaires at UN Women China, framed equality as a measurable growth strategy. Wang cited UN Women research indicating that advancing gender equality could offer massive economic potential. He said the logic is reinforced by the ""silver economy"" — a sector projected to reach 30 trillion yuan ($4.1 trillion) by 2035. Women make around 75 percent of household purchasing decisions and tend to outlive men, Wang noted, adding that ignoring women's perspectives in AI-driven product design would mean overlooking a core growth driver. ""When women hold more board positions, companies perform better and manage volatility more effectively,"" Wang said, pointing to consistent findings across Asia-Pacific markets linking diversity to stronger share prices and risk management. Despite the optimistic data on adoption, structural hurdles remain. Li Haitao, dean of CKGSB, noted that while the school has seen female MBA enrollment jump to 49 percent, up from 16 percent in 2003, education is just the starting line. Without deliberate safeguards, algorithmic bias could offset progress, Wang said, noting that AI systems trained on historical data often reproduce stereotypes, such as depicting doctors as men and nurses as women. Technology itself is neutral, experts said, but outcomes depend on who designs it, who deploys it and whose experiences are reflected in its logic. With women demonstrating higher adaptability and lower anxiety in AI adoption, the transition presents an opportunity — not a guarantee — for recalibration. As Koh put it: ""Technology determines how fast we move. Humanity determines how far we go."" lijing2009@chinadaily.com.cn"
https://global.chinadaily.com.cn/a/202602/06/WS69854a82a310d6866eb37d6a.html,"
          
          China Daily |
          Updated: 2026-02-06 09:57
         BEIJING — The widespread rise of artificial intelligence is modifying China's labor market in ways that go far beyond job replacement or creation. It has generated new professions, lowered the threshold for starting a business and empowered employees to upgrade their skills in a bid to stay competitive. At Xunfei Healthcare's office in Hefei, capital of East China's Anhui province, Hu Pingping, a former doctor specializing in stomach and gut diseases, spends her days analyzing how a medical large language model diagnoses complex cases. Having transitioned into an AI trainer five years ago, her new profession merges clinical expertise with cutting-edge AI technology. This shift also mirrors a broader evolution within China's professional landscape. As AI integrates into every sector, there has been a rapid emergence of new roles like AI content annotator, AI product manager and AI-assisted animator. According to PwC's 2025 Global AI Jobs Barometer, nearly all AI-related positions are increasing globally, and workers with AI skills command a wage premium of 56 percent, up 25 percent from the previous year. Data from online recruitment platform Zhaopin show that in the fourth quarter of 2025, job openings in China's AI sector grew by 19 percent year-on-year, led by algorithm engineers, machine vision specialists and robotics algorithm developers. ""AI is pushing the labor force toward higher value-added roles centered on human-machine synergy and intelligent augmentation,"" said Liu Cong, head of Chinese AI firm iFLYTEK's research institute. With humanoid robots joining production lines, smart equipment running through farmlands, and AI models increasing work efficiency in newsrooms, there are also concerns about AI being a potential job killer. The fast iteration of AI technology is shortening career lifecycles and challenging the traditional idea of ""mastering one skill for a lifetime"", with some workers finding it hard to transition into new professions. Industry experts say in this context, accelerating the renewal of knowledge and skills to meet the demands of new technologies and changes in the labor market has become crucial. This wave is reaching the legendary Hanzheng Street, a 500-year-old commercial center located in Central China's Wuhan, known as the first small commodity market run by self-employed and private businesses after China's reform and opening up in 1978. An AI training session in January this year attracted over 50 local apparel business owners to this area in the capital city of Hubei province. ""The enthusiasm was incredible,"" said Wang Ruijue, the AI training program organizer, pointing to late-night sign-ups in his WeChat group. Attendees ranged from post-2000s designers seeking to update their traditional craft to veterans born in the 1970s, one of whom brought a postgraduate daughter along to assist with learning how to use this new tool. Yang Jian, a fashion designer-turned AI entrepreneur, served as their instructor. He sees AI as a ""super tool"" in revolutionizing the apparel chain, from design and manufacturing to marketing. Since large apparel enterprises are already mature in terms of AI adoption, Yang has dedicated his efforts to helping small and medium-sized firms use AI to improve their businesses. On this old street in Wuhan, both tech-savvy youth and middle-aged business owners are now joining the AI learning journey, embracing not just a new tool for work but a new culture of lifelong learning."
https://www.chinadaily.com.cn/a/202605/27/WS6a1627fda310d6866eb4adae.html,"Four out of five parents in China with mid-to-high net worth are worried that artificial intelligence may affect their children's future job prospects, while 20 percent admit they have no idea how to prepare for the changes, a survey found. Published by the Shanghai-based Fudan International School of Finance in April, the survey results confirm a public perception that AI is significantly reshaping the future job landscape. This has raised parents' anxiety about their children's education, and selecting the right career paths. Despite these concerns, no one has yet clearly articulated what new skills and qualities young people will need to thrive in an AI-driven future. However, there is a growing consensus in teaching and academic circles about the value of ""emotional education"". 
            Copyright 1994 - 
            //<![CDATA[ 
            var oTime = new Date();
            document.write(oTime.getFullYear());
            //]]>
            . All rights reserved. The content (including but not limited to text, photo, multimedia information, etc) published in this site belongs to China Daily Information Co (CDIC). Without written authorization from CDIC, such content shall not be republished or used in any form.
          "
https://www.chinadaily.com.cn/a/202603/30/WS69ca63fda310d6866eb40bae.html,"For years, the prevailing assumption in Washington has been that technology is a zero-sum contest, and that the United States can maintain its technological supremacy by building walls around its own innovation ecosystem. The logic of ""decoupling"" — whether in semiconductors, artificial intelligence, or cloud infrastructure — is a bipartisan article of faith. But reality has a way of ignoring political wish fulfillment. The reality of 2026 is that Chinese AI models are quietly becoming part of the foundational architecture of cutting-edge applications being built in Silicon Valley. From Cursor's adoption of Kimi K2.5 to a growing list of US tech companies switching to Chinese foundational models such as MiniMax, Zhipu AI and Qwen, the trend is unmistakable. Eight of the 10 most downloaded open-source models on platforms such as GitHub and Hugging Face are now of Chinese origin. When a premier AI conference, NeurIPS, rejected a Chinese submission, the China Computer Federation's decision to withhold academic services prompted a swift apology — an incident that reveals not just scientific depth but the extent to which global AI discourse now depends on Chinese participation. What explains this shift? The answer lies in a convergence of developments. The performance gap between Chinese and US foundational models has narrowed dramatically over the past year. Innovations in residual connections and new architectural pathways have placed Chinese models at the frontier of technical capability. The market for AI agents and open-source ecosystems has matured to the point where cost-efficiency and performance matter more than geographic origin. Chinese models have proved exceptionally competitive on both counts. And the global AI industry is beginning to understand that foundational models are infrastructure, much like electricity or the internet. And infrastructure, by its nature, is global. The world's two largest economies cannot afford to simply wall themselves off from each other in AI. Yet that is what a new bill introduced by US lawmakers seeks to do — banning government use of Chinese robots and, by extension, deepening a ""decoupling"" agenda that extends to AI. The economic illogic of this approach is staggering. It assumes that supply chains can be untangled overnight, that innovation can be neatly partitioned by nationality, and that the rest of the world will align itself with US restrictions rather than continue to adopt the best and most cost-effective technology available. None of these assumptions hold. Data is foundational to our digital world. But the creation of infrastructure that produces data and the use of data through AI models have been the focus of attention and not enough meaningful consideration has been given to data itself. The need for a world data body and a comprehensive, multilateral approach for governing the use and flow of data, and to address attempts to hijack the open flow of information by criminals and terrorists, has become increasingly evident. As has the question of who benefits from its expanding uses, as there is a huge gap between the data gains of the developed and developing worlds. The establishment of the World Data Organization aims to address these issues. The organization held its first general meeting in Beijing on Monday, at which its charter was adopted, its first council elected and the groundwork laid for a multilateral framework to govern data and high-tech development. As foundational models become general-purpose technologies, their diffusion across borders will determine which economies can participate in the intelligent economy of this century. By championing open-source ecosystems and internationalizing its AI services, China is helping nations bridge the digital divide. None of this is to suggest that geopolitical competition over technology has disappeared. It has not. But the premise that AI ""decoupling"" is either feasible or desirable is dangerously mistaken. The industry itself is demonstrating that. When Silicon Valley developers choose Chinese foundational models, they are voting with their code. What is needed instead is multilateral governance. The World Data Organization offers a framework, however nascent, for precisely that. The alternative — a world of competing technological blocs, fragmented standards, and redundant investment — would impose enormous costs on businesses, consumers and innovation itself. These costs would not be borne equally. They would fall most heavily on economies that are least able to afford them. Washington's lawmakers would do well to respect reality. The attempt to ""decouple"" the world's two largest economies in AI is not only impossible; it is a form of self-harm. The infrastructure of the intelligent age will be built on global foundations. The only question is whether the US chooses to help shape that architecture or isolates itself from it. 
            Copyright 1994 - 
            //<![CDATA[ 
            var oTime = new Date();
            document.write(oTime.getFullYear());
            //]]>
            . All rights reserved. The content (including but not limited to text, photo, multimedia information, etc) published in this site belongs to China Daily Information Co (CDIC). Without written authorization from CDIC, such content shall not be republished or used in any form.
          "
https://global.chinadaily.com.cn/a/202601/07/WS695e42f2a310d6866eb32854.html,"
          By Ma Si | 
          chinadaily.com.cn |
          Updated: 2026-01-07 19:26
         Eight Chinese government departments, led by the Ministry of Industry and Information Technology, unveiled a plan on Wednesday to integrate artificial intelligence with manufacturing, aiming to secure a reliable supply of core AI technologies by 2027, while ensuring that China remains among the global leaders in both the scale and capabilities of the industry. The ""AI plus Manufacturing"" initiative outlines a comprehensive strategy to strengthen China’s AI ecosystem, with a focus on independent innovation and industrial empowerment. A key priority will be enhancing AI computing power, including promoting the coordinated development of software and hardware for AI chips. Support will be given to breakthroughs in high-end training chips, edge-side inference chips, AI servers, high-speed interconnection and intelligent computing cloud operating systems. By 2027, China aims to implement three to five general-purpose large language AI models in manufacturing, develop specialized industry-specific models, create 100 high-quality industrial datasets, and promote 500 key application scenarios. The plan also emphasizes enterprise cultivation, with a target of fostering two to three globally influential ecosystem-leading firms, along with a group of specialized and innovative small and medium-sized enterprises. It intends to nurture a batch of service providers skilled in both AI and industry knowledge, and to recognize 1,000 benchmark enterprises. Efforts will also be made to build a world-leading open-source ecosystem and improve security governance, contributing ""China’s solutions"" to global AI development, the plan said. In addition, the initiative highlights accelerated industrialization and commercialization of new terminals such as AR and VR wearables and brain-computer interfaces, focusing on key scenarios like industrial inspection and telemedicine. It also promotes innovation in embodied intelligent products, including the construction of pilot bases and training grounds for humanoid robots, the establishment of benchmark production lines, and their early application in typical manufacturing environments. The move signals China’s strategic push to harness AI for industrial upgrading while reinforcing technological self-sufficiency in critical sectors."
https://global.chinadaily.com.cn/a/202604/30/WS69f2ab7da310d6866eb46603.html,"
          By CHENG YU and HU MEIDONG in Fuzhou | 
          China Daily |
          Updated: 2026-04-30 09:07
         China's appetite for artificial intelligence data is exploding at a scale that is beginning to reshape the economy, with daily token usage soaring from just over 1 trillion at the start of 2025 to 100 trillion by year-end, showing ""exponential growth"", officials said on Wednesday. The figure rose further to 140 trillion by March this year, according to Liu Liehong, head of the National Data Administration, underscoring the accelerating value of data as a production factor and the rapid emergence of new forms of the ""intelligent economy"". The figures, disclosed at the opening of the 9th Digital China Summit in Fuzhou, Fujian province on Wednesday, reflect not only rising demand for AI services but also the emergence of what officials describe as the token economy, where computing activity becomes measurable, tradable and increasingly central to economic output. China generated 52.26 zettabytes of data in 2025, up 27.28 percent from a year earlier, with AI and system software accounting for 26.92 zettabytes — overtaking internet-of-things sensing data for the first time. The shift highlights a structural pivot from passive data collection to AI-driven data creation. ""Data is no longer just fuel for training models. It has become a core production factor driving iteration and real-world deployment,""Liu said, pointing to applications across healthcare, finance, manufacturing and urban governance. A notable inflection point has emerged in how data is used. Of the 199.48 exabytes deployed for AI training and inference in 2025, inference data — generated when models are actively used — exceeded training data for the first time, reaching 101.34 exabytes. The trend suggests China's AI industry is moving beyond model building toward large-scale commercialization. Industry experts said the rapid scaling of token usage could have far-reaching implications, from pricing models for AI services to global competition over data resources. As AI systems shift from generating content to executing decisions — and from digital environments into the physical world — the volume, variety and velocity of data are expected to accelerate further, cementing data as a central pillar of economic growth in the AI era. Behind the numbers, a new layer of industrial infrastructure is also taking shape. Fujian-based Joyful Embodied is building what it describes as a large-scale robotic data collection facility, designed to operate around the clock capturing high-precision industrial data. Using arrays of cameras and sensors, robots replicate and record complex physical tasks, converting them into structured datasets for training embodied AI systems. Chen Yishi, president of Joyful Embodied, said its automated pipelines — combining perception, computation and execution — can achieve data collection efficiency of up to 95 percent, significantly above industry norms. The goal is to standardize data generation and improve the usability and transferability of datasets across applications. Such efforts point to a growing race not only for computing power and algorithms, but also for high-quality data — increasingly seen as the bottleneck in advancing next-generation AI, particularly in robotics and embodied intelligence. Chen said that the company is also expanding overseas, partnering with firms in Indonesia and eyeing broader Southeast Asian markets, reflecting a wider push by Chinese AI companies to export both technology and data infrastructure. Contact the writers at chengyu@chinadaily.com.cn"
https://www.chinadaily.com.cn/a/202605/22/WS6a0f9c71a310d6866eb4a08d.html,"Cultural innovation and development empowered by artificial intelligence have become hot topics at the ongoing Forum on Building up China's Cultural Strength 2026 in Shenzhen, Guangdong province, with the participants, including officials and scholars, emphasizing the need to mitigate the risks of applying AI in the cultural domain. At the two-day forum, which opened on Thursday, Li Shulei, a member of the Political Bureau of the Communist Party of China Central Committee and head of the Publicity Department of the CPC Central Committee, delivered a keynote speech. Huang Kunming, a member of the Political Bureau of the CPC Central Committee and secretary of the CPC Guangdong Provincial Committee, attended the forum and delivered a speech. Li said in the keynote speech that the new round of technological and industrial revolution, represented by AI, is profoundly changing the ways in which cultural creation, production, dissemination and consumption occur, significantly reshaping media forms, public opinion ecosystems and cultural industries. While calling for accelerating the integration of culture and technology and promoting the digital and intelligent transformation of cultural development, Li noted that it is important to enhance efforts in risk mitigation and response when applying AI technology in the cultural field, in order to ensure that AI develops for good. He emphasized the irreplaceable value of traditional artistic creation rooted in personal talent and inspiration, saying that technology should always remain a tool for humanity. Sun Maosong, a professor of computer science and technology at Tsinghua University, said that generative AI driven by large language models represents a shift in knowledge production models and creates huge development opportunities when applied across the economy, culture and society. However, Sun also acknowledged that large language models are far from perfect and that generative AI presents new challenges in many areas, including authenticity, reliability and security. ""In the process of knowledge creation and dissemination through generative AI, how should we manage the relationship between humans and machines? Undoubtedly, humans should always maintain a leading role in this process,"" he said. Generative AI should serve as a helpful assistant and good partner to humans, but must never be allowed to overstep the line and take on a primary role, he added. The discussions came amid the rapid evolution of AI-empowered cultural production in China. In December, the nation's first animated film produced entirely through AI-generated content, The Reunion Journey, underwent a test screening in Beijing. Last month, Bona Film Group Co received regulatory approval to release the AI-generated animated sci-fi film Sanxingdui: Future Memories in Chinese cinemas. At Thursday's forum, experts also called for greater efforts to advance cultural heritage protection. Wang Jun, a research curator at the Palace Museum, said that it is crucial to recognize traditional settlement heritage and cultural landscapes as indispensable types of heritage, and to incorporate them into the legislative framework for the protection of cultural heritage. 
            Copyright 1994 - 
            //<![CDATA[ 
            var oTime = new Date();
            document.write(oTime.getFullYear());
            //]]>
            . All rights reserved. The content (including but not limited to text, photo, multimedia information, etc) published in this site belongs to China Daily Information Co (CDIC). Without written authorization from CDIC, such content shall not be republished or used in any form.
          "
https://www.chinadaily.com.cn/a/202605/23/WS6a10e389a310d6866eb4a412.html,"China's mainstream media outlets are urged to actively embrace artificial intelligence technology to step up digital transformation, and leverage their role in shaping public opinion to boost healthy growth and effective governance of the AI sector, according to a forum held in Shenzhen, Guangdong province, on Friday. At the Forum on Artificial Intelligence and Media Transformation, hosted by the Publicity Department of the Communist Party of China Central Committee, officials and experts called on media organizations to take the opportunities arising from the rapid growth of AI technology that are reshaping the media industry. They also emphasized the need to coordinate development and security in order to address the challenges the technology brings about. In a keynote speech, Mo Gaoyi, deputy head of the Publicity Department of the CPC Central Committee and director of the State Council Information Office, said that amid the deep integration of AI with various industries and domains, the nation's mainstream media are at a critical period in systematic transformation. It is an inevitable choice for the mainstream media to seize the strategic opportunities presented by the technological revolution and accelerate the pace of digital and intelligent transformation to cultivate fresh momentum for their development and enhance their competitiveness, Mo said, adding that it is also an urgent requirement for shaping a new landscape of mainstream public opinion and serving Chinese modernization. He emphasized that while empowering a wide range of industries, AI also brings about security risks such as deepfakes, data poisoning, algorithmic black boxes, privacy breaches, and cyberattacks, posing significant challenges to managing public order and protecting personal rights and interests. It is crucial to seize the opportunities presented by AI for media development, but in the meantime, efforts must be made to strengthen AI governance and mitigate risks it may have, Mo said. He also called on the mainstream media to actively promote China's proposals and solutions for global AI governance, with their news reports fully demonstrating the achievements of international exchange and cooperation, in order to build up consensus on global AI governance and bridge the global intelligence gap, thereby ensuring that AI is truly an international public good that benefits humanity and allows people from all countries to enjoy a better, intelligent future. As one of the most influential news organizations in China, Xinhua News Agency is comprehensively exploring intelligent transformation in areas such as technology research and development, content creation, international communication, and capacity building, according to Liu Jian, vice-president of Xinhua. Kang Yong, president of the research institute of ByteDance, said high-quality content is the most vital asset of media outlets. As they embrace AI, they need to shift greater focus to the production of high-quality and original content, he said. Noting that AI is profoundly changing the world, Kang said that as a technology and content platform, ByteDance hopes to collaborate more deeply with the mainstream media to jointly create a healthier ecosystem. Zhao Zizhong, president of the New Media Institute at Communication University of China, said AI can simulate logic but cannot truly understand the complexity of human emotions. In this context, the ""attitude"" and ""warmth"" that media professionals possess become more important, he said. In the face of risks such as ""algorithmic bias"" and ""false information"" generated by AI, media professionals need to uphold the responsibility of ensuring the authenticity of news, Zhao said. caodesheng@chinadaily.com.cn 
            Copyright 1994 - 
            //<![CDATA[ 
            var oTime = new Date();
            document.write(oTime.getFullYear());
            //]]>
            . All rights reserved. The content (including but not limited to text, photo, multimedia information, etc) published in this site belongs to China Daily Information Co (CDIC). Without written authorization from CDIC, such content shall not be republished or used in any form.
          "
